id,region,departement,code Departement ,code_INSEE_Commune,ville,nombre_de_Contribuables,moyenne_Actifs_Euros,moyenne_Impot_Euros,annee,code_Region
1,AUVERGNE-RHONE-ALPES,SAVOIE,73,8,AIX-LES-BAINS,68,1937107,7006,2019,1
2,AUVERGNE-RHONE-ALPES,SAVOIE,73,8,AIX-LES-BAINS,67,2052633,7639,2020,1
3,AUVERGNE-RHONE-ALPES,SAVOIE,73,8,AIX-LES-BAINS,78,1997463,7330,2021,1
4,AUVERGNE-RHONE-ALPES,SAVOIE,73,8,AIX-LES-BAINS,91,2137414,8716,2022,1
5,AUVERGNE-RHONE-ALPES,HAUTE-SAVOIE,74,10,ANNECY,476,1986205,7492,2019,1
6,AUVERGNE-RHONE-ALPES,HAUTE-SAVOIE,74,10,ANNECY,507,2005705,7509,2020,1
7,AUVERGNE-RHONE-ALPES,HAUTE-SAVOIE,74,10,ANNECY,552,2033965,7710,2021,1
8,AUVERGNE-RHONE-ALPES,HAUTE-SAVOIE,74,10,ANNECY,622,2045690,7767,2022,1
9,AUVERGNE-RHONE-ALPES,RHONE,69,29,BRON,64,2012265,7328,2019,1
10,AUVERGNE-RHONE-ALPES,RHONE,69,29,BRON,63,1977913,7230,2020,1
11,AUVERGNE-RHONE-ALPES,RHONE,69,29,BRON,66,2042233,7487,2021,1
12,AUVERGNE-RHONE-ALPES,RHONE,69,29,BRON,70,2030115,7342,2022,1
13,AUVERGNE-RHONE-ALPES,RHONE,69,34,CALUIRE ET CUIRE,208,2224681,8675,2019,1
14,AUVERGNE-RHONE-ALPES,RHONE,69,34,CALUIRE ET CUIRE,214,2267262,9309,2020,1
15,AUVERGNE-RHONE-ALPES,RHONE,69,34,CALUIRE ET CUIRE,232,2407934,10606,2021,1
16,AUVERGNE-RHONE-ALPES,RHONE,69,34,CALUIRE ET CUIRE,267,2433972,9534,2022,1
17,AUVERGNE-RHONE-ALPES,SAVOIE,73,65,CHAMBERY,110,1994945,7131,2019,1
18,AUVERGNE-RHONE-ALPES,SAVOIE,73,65,CHAMBERY,110,2084616,8125,2020,1
19,AUVERGNE-RHONE-ALPES,SAVOIE,73,65,CHAMBERY,117,1999840,6548,2021,1
20,AUVERGNE-RHONE-ALPES,SAVOIE,73,65,CHAMBERY,124,2058732,7479,2022,1
21,AUVERGNE-RHONE-ALPES,PUY-DE-DOME,63,113,CLERMONT-FERRAND,107,1936636,6514,2019,1
22,AUVERGNE-RHONE-ALPES,PUY-DE-DOME,63,113,CLERMONT-FERRAND,114,1955280,6836,2020,1
23,AUVERGNE-RHONE-ALPES,PUY-DE-DOME,63,113,CLERMONT-FERRAND,115,2001395,7452,2021,1
24,AUVERGNE-RHONE-ALPES,PUY-DE-DOME,63,113,CLERMONT-FERRAND,127,2104046,8096,2022,1
25,AUVERGNE-RHONE-ALPES,ISERE,38,185,GRENOBLE,178,2167094,8652,2019,1
26,AUVERGNE-RHONE-ALPES,ISERE,38,185,GRENOBLE,172,2157148,8816,2020,1
27,AUVERGNE-RHONE-ALPES,ISERE,38,185,GRENOBLE,174,2224496,8388,2021,1
28,AUVERGNE-RHONE-ALPES,ISERE,38,185,GRENOBLE,175,2275227,9034,2022,1
29,AUVERGNE-RHONE-ALPES,DROME,26,198,MONTELIMAR,53,2052084,7850,2021,1
30,AUVERGNE-RHONE-ALPES,DROME,26,198,MONTELIMAR,61,2198308,9430,2022,1
31,AUVERGNE-RHONE-ALPES,LOIRE,42,218,SAINT ETIENNE,83,1895126,6012,2019,1
32,AUVERGNE-RHONE-ALPES,LOIRE,42,218,SAINT ETIENNE,78,1888188,6107,2020,1
33,AUVERGNE-RHONE-ALPES,LOIRE,42,218,SAINT ETIENNE,78,2041352,7594,2021,1
34,AUVERGNE-RHONE-ALPES,LOIRE,42,218,SAINT ETIENNE,77,2037480,7431,2022,1
35,AUVERGNE-RHONE-ALPES,RHONE,69,204,SAINT-GENIS-LAVAL,63,2086475,7987,2019,1
36,AUVERGNE-RHONE-ALPES,RHONE,69,204,SAINT-GENIS-LAVAL,63,2131247,7620,2020,1
37,AUVERGNE-RHONE-ALPES,RHONE,69,204,SAINT-GENIS-LAVAL,68,2191812,7998,2021,1
38,AUVERGNE-RHONE-ALPES,RHONE,69,204,SAINT-GENIS-LAVAL,78,2178521,8276,2022,1
39,AUVERGNE-RHONE-ALPES,RHONE,69,202,STE FOY LES LYON,171,2209627,8766,2019,1
40,AUVERGNE-RHONE-ALPES,RHONE,69,202,STE FOY LES LYON,170,2285840,9486,2020,1
41,AUVERGNE-RHONE-ALPES,RHONE,69,202,STE FOY LES LYON,189,2252613,9028,2021,1
42,AUVERGNE-RHONE-ALPES,RHONE,69,202,STE FOY LES LYON,210,2307658,9841,2022,1
43,AUVERGNE-RHONE-ALPES,RHONE,69,244,TASSIN-LA-DEMI-LUNE,110,2124329,8085,2019,1
44,AUVERGNE-RHONE-ALPES,RHONE,69,244,TASSIN-LA-DEMI-LUNE,108,2151524,7976,2020,1
45,AUVERGNE-RHONE-ALPES,RHONE,69,244,TASSIN-LA-DEMI-LUNE,126,2191385,8551,2021,1
46,AUVERGNE-RHONE-ALPES,RHONE,69,244,TASSIN-LA-DEMI-LUNE,142,2190777,8590,2022,1
47,AUVERGNE-RHONE-ALPES,HAUTE-SAVOIE,74,281,THONON-LES-BAINS,88,2112336,8487,2019,1
48,AUVERGNE-RHONE-ALPES,HAUTE-SAVOIE,74,281,THONON-LES-BAINS,90,2140392,8866,2020,1
49,AUVERGNE-RHONE-ALPES,HAUTE-SAVOIE,74,281,THONON-LES-BAINS,94,2182223,9198,2021,1
50,AUVERGNE-RHONE-ALPES,HAUTE-SAVOIE,74,281,THONON-LES-BAINS,102,2127144,8641,2022,1
51,AUVERGNE-RHONE-ALPES,DROME,26,362,VALENCE,61,2458973,10270,2019,1
52,AUVERGNE-RHONE-ALPES,DROME,26,362,VALENCE,61,2405157,9202,2020,1
53,AUVERGNE-RHONE-ALPES,DROME,26,362,VALENCE,68,2460955,9773,2021,1
54,AUVERGNE-RHONE-ALPES,DROME,26,362,VALENCE,76,2511479,10671,2022,1
55,AUVERGNE-RHONE-ALPES,RHONE,69,266,VILLEURBANNE,73,1972216,7135,2019,1
56,AUVERGNE-RHONE-ALPES,RHONE,69,266,VILLEURBANNE,89,2047425,7667,2020,1
57,AUVERGNE-RHONE-ALPES,RHONE,69,266,VILLEURBANNE,96,2076969,7655,2021,1
58,AUVERGNE-RHONE-ALPES,RHONE,69,266,VILLEURBANNE,89,2261237,9103,2022,1
59,BOURGOGNE-FRANCHE-COMTE,COTE-D'OR,21,54,BEAUNE,52,2346323,9536,2021,2
60,BOURGOGNE-FRANCHE-COMTE,COTE-D'OR,21,54,BEAUNE,51,2416074,9954,2022,2
61,BOURGOGNE-FRANCHE-COMTE,DOUBS,25,56,BESANCON,97,1970040,7082,2019,2
62,BOURGOGNE-FRANCHE-COMTE,DOUBS,25,56,BESANCON,94,2038635,7353,2020,2
63,BOURGOGNE-FRANCHE-COMTE,DOUBS,25,56,BESANCON,102,2051255,7830,2021,2
64,BOURGOGNE-FRANCHE-COMTE,DOUBS,25,56,BESANCON,106,2104686,8156,2022,2
65,BOURGOGNE-FRANCHE-COMTE,COTE-D'OR,21,231,DIJON,174,2173765,8786,2019,2
66,BOURGOGNE-FRANCHE-COMTE,COTE-D'OR,21,231,DIJON,176,2189934,8714,2020,2
67,BOURGOGNE-FRANCHE-COMTE,COTE-D'OR,21,231,DIJON,188,2198908,9221,2021,2
68,BOURGOGNE-FRANCHE-COMTE,COTE-D'OR,21,231,DIJON,200,2159030,8599,2022,2
69,BRETAGNE,FINISTERE,29,19,BREST,76,2356790,10278,2019,3
70,BRETAGNE,FINISTERE,29,19,BREST,80,2413798,10697,2020,3
71,BRETAGNE,FINISTERE,29,19,BREST,79,2452426,11760,2021,3
72,BRETAGNE,FINISTERE,29,19,BREST,93,2468531,11583,2022,3
73,BRETAGNE,FINISTERE,29,232,QUIMPER,53,2334000,10441,2022,3
74,BRETAGNE,ILLE-ET-VILAINE,35,238,RENNES,491,2394287,10633,2019,3
75,BRETAGNE,ILLE-ET-VILAINE,35,238,RENNES,514,2437244,11005,2020,3
76,BRETAGNE,ILLE-ET-VILAINE,35,238,RENNES,572,2462023,11004,2021,3
77,BRETAGNE,ILLE-ET-VILAINE,35,238,RENNES,651,2483808,11233,2022,3
78,BRETAGNE,ILLE-ET-VILAINE,35,288,SAINT MALO,148,2260030,10314,2019,3
79,BRETAGNE,ILLE-ET-VILAINE,35,288,SAINT MALO,175,2206337,9449,2020,3
80,BRETAGNE,ILLE-ET-VILAINE,35,288,SAINT MALO,197,2218192,9596,2021,3
81,BRETAGNE,ILLE-ET-VILAINE,35,288,SAINT MALO,238,2260465,9930,2022,3
82,BRETAGNE,MORBIHAN,56,260,VANNES,145,1977304,7194,2019,3
83,BRETAGNE,MORBIHAN,56,260,VANNES,145,2038408,7929,2020,3
84,BRETAGNE,MORBIHAN,56,260,VANNES,188,2021611,7677,2021,3
85,BRETAGNE,MORBIHAN,56,260,VANNES,231,1986573,7523,2022,3
86,CENTRE-VAL DE LOIRE,CHER,18,33,BOURGES,52,2087067,8250,2022,4
87,CENTRE-VAL DE LOIRE,EURE-ET-LOIR,28,85,CHARTRES,88,2274040,10164,2019,4
88,CENTRE-VAL DE LOIRE,EURE-ET-LOIR,28,85,CHARTRES,84,2381736,10929,2020,4
89,CENTRE-VAL DE LOIRE,EURE-ET-LOIR,28,85,CHARTRES,86,2315656,10153,2021,4
90,CENTRE-VAL DE LOIRE,EURE-ET-LOIR,28,85,CHARTRES,96,2337133,10689,2022,4
91,CENTRE-VAL DE LOIRE,LOIRET,45,232,OLIVET,51,2350296,10761,2021,4
92,CENTRE-VAL DE LOIRE,LOIRET,45,232,OLIVET,55,2489825,11836,2022,4
93,CENTRE-VAL DE LOIRE,LOIRET,45,234,ORLEANS,148,2280243,9592,2019,4
94,CENTRE-VAL DE LOIRE,LOIRET,45,234,ORLEANS,141,2347640,9885,2020,4
95,CENTRE-VAL DE LOIRE,LOIRET,45,234,ORLEANS,154,2278514,9334,2021,4
96,CENTRE-VAL DE LOIRE,LOIRET,45,234,ORLEANS,176,2291263,9533,2022,4
97,CENTRE-VAL DE LOIRE,INDRE-ET-LOIRE,31,261,TOURS,176,2068887,7743,2019,4
98,CENTRE-VAL DE LOIRE,INDRE-ET-LOIRE,31,261,TOURS,181,2106683,8075,2020,4
99,CENTRE-VAL DE LOIRE,INDRE-ET-LOIRE,31,261,TOURS,203,2128313,8278,2021,4
100,CENTRE-VAL DE LOIRE,INDRE-ET-LOIRE,31,261,TOURS,232,2096669,7992,2022,4
101,CORSE,CORSE-DU-SUD,2A,2A004,AJACCIO,161,2407402,11106,2019,5
102,CORSE,CORSE-DU-SUD,2A,2A004,AJACCIO,162,2465626,11599,2020,5
103,CORSE,CORSE-DU-SUD,2A,2A004,AJACCIO,185,2418990,11216,2021,5
104,CORSE,CORSE-DU-SUD,2A,2A004,AJACCIO,191,2382146,10964,2022,5
105,CORSE,HAUTE-CORSE,2B,2B033,BASTIA,59,2196292,9580,2019,5
106,CORSE,HAUTE-CORSE,2B,2B033,BASTIA,61,2240652,9871,2020,5
107,CORSE,HAUTE-CORSE,2B,2B033,BASTIA,61,2232820,9719,2021,5
108,CORSE,HAUTE-CORSE,2B,2B033,BASTIA,62,2292098,10467,2022,5
109,GRAND-EST,HAUT-RHIN,68,66,COLMAR,85,2539133,11673,2019,6
110,GRAND-EST,HAUT-RHIN,68,66,COLMAR,90,2502878,11356,2020,6
111,GRAND-EST,HAUT-RHIN,68,66,COLMAR,91,2400864,11252,2021,6
112,GRAND-EST,HAUT-RHIN,68,66,COLMAR,94,2376246,11295,2022,6
113,GRAND-EST,MOSELLE,57,463,METZ,131,2142112,8509,2019,6
114,GRAND-EST,MOSELLE,57,463,METZ,129,2175512,8769,2020,6
115,GRAND-EST,MOSELLE,57,463,METZ,131,2288340,9985,2021,6
116,GRAND-EST,MOSELLE,57,463,METZ,134,2280630,9379,2022,6
117,GRAND-EST,HAUT-RHIN,68,224,MULHOUSE,84,2240180,9768,2019,6
118,GRAND-EST,HAUT-RHIN,68,224,MULHOUSE,81,2249483,9727,2020,6
119,GRAND-EST,HAUT-RHIN,68,224,MULHOUSE,84,2275915,9669,2021,6
120,GRAND-EST,HAUT-RHIN,68,224,MULHOUSE,90,2317745,10136,2022,6
121,GRAND-EST,MEURTHE-ET-MOSELLE,54,395,NANCY,184,2314728,8874,2019,6
122,GRAND-EST,MEURTHE-ET-MOSELLE,54,395,NANCY,187,2374111,11623,2020,6
123,GRAND-EST,MEURTHE-ET-MOSELLE,54,395,NANCY,196,2394349,9595,2021,6
124,GRAND-EST,MEURTHE-ET-MOSELLE,54,395,NANCY,210,2406796,9761,2022,6
125,GRAND-EST,MARNE,51,454,REIMS,243,2145815,8335,2019,6
126,GRAND-EST,MARNE,51,454,REIMS,254,2083609,7917,2020,6
127,GRAND-EST,MARNE,51,454,REIMS,258,2157480,8544,2021,6
128,GRAND-EST,MARNE,51,454,REIMS,292,2203260,8888,2022,6
129,GRAND-EST,BAS-RHIN,67,482,STRASBOURG,647,2319361,9763,2019,6
130,GRAND-EST,BAS-RHIN,67,482,STRASBOURG,655,2399379,10165,2020,6
131,GRAND-EST,BAS-RHIN,67,482,STRASBOURG,711,2376319,9950,2021,6
132,GRAND-EST,BAS-RHIN,67,482,STRASBOURG,772,2428332,10243,2022,6
133,GRAND-EST,MOSELLE,57,672,THIONVILLE,63,1935286,6985,2019,6
134,GRAND-EST,MOSELLE,57,672,THIONVILLE,60,2020480,7745,2020,6
135,GRAND-EST,MOSELLE,57,672,THIONVILLE,62,2034484,7826,2021,6
136,GRAND-EST,MOSELLE,57,672,THIONVILLE,67,2295044,10839,2022,6
137,GRAND-EST,AUBE,10,387,TROYES,52,2536332,12912,2021,6
138,GRAND-EST,AUBE,10,387,TROYES,54,2521151,13016,2022,6
139,GUADELOUPE,GUADELOUPE,97,113,LE GOSIER,57,3260706,16404,2022,7
140,ILE-DE-FRANCE,HAUTS-DE-SEINE,92,2,ANTONY,241,1960008,6960,2019,8
141,ILE-DE-FRANCE,HAUTS-DE-SEINE,92,2,ANTONY,257,2015587,7526,2020,8
142,ILE-DE-FRANCE,HAUTS-DE-SEINE,92,2,ANTONY,289,2005014,7384,2021,8
143,ILE-DE-FRANCE,HAUTS-DE-SEINE,92,2,ANTONY,311,2033147,7612,2022,8
144,ILE-DE-FRANCE,HAUTS-DE-SEINE,92,4,ASNIERES,308,2252531,10053,2019,8
145,ILE-DE-FRANCE,HAUTS-DE-SEINE,92,4,ASNIERES,331,2210552,8982,2020,8
146,ILE-DE-FRANCE,HAUTS-DE-SEINE,92,4,ASNIERES,347,2237275,8847,2021,8
147,ILE-DE-FRANCE,HAUTS-DE-SEINE,92,4,ASNIERES,405,2293332,9231,2022,8
148,ILE-DE-FRANCE,SEINE-SAINT-DENIS,93,5,AULNAY SOUS BOIS,51,2038816,7385,2019,8
149,ILE-DE-FRANCE,SEINE-SAINT-DENIS,93,5,AULNAY SOUS BOIS,53,2137777,8586,2021,8
150,ILE-DE-FRANCE,SEINE-SAINT-DENIS,93,5,AULNAY SOUS BOIS,52,2117325,8186,2022,8
151,ILE-DE-FRANCE,HAUTS-DE-SEINE,92,9,BOIS-COLOMBES,123,1929661,6296,2019,8
152,ILE-DE-FRANCE,HAUTS-DE-SEINE,92,9,BOIS-COLOMBES,133,2024495,6943,2020,8
153,ILE-DE-FRANCE,HAUTS-DE-SEINE,92,9,BOIS-COLOMBES,152,2026579,7022,2021,8
154,ILE-DE-FRANCE,HAUTS-DE-SEINE,92,9,BOIS-COLOMBES,173,2010515,6849,2022,8
155,ILE-DE-FRANCE,HAUTS-DE-SEINE,92,14,BOURG LA REINE,158,2305257,10417,2019,8
156,ILE-DE-FRANCE,HAUTS-DE-SEINE,92,14,BOURG LA REINE,162,2314252,9868,2020,8
157,ILE-DE-FRANCE,HAUTS-DE-SEINE,92,14,BOURG LA REINE,181,2295596,9400,2021,8
158,ILE-DE-FRANCE,HAUTS-DE-SEINE,92,14,BOURG LA REINE,186,2317703,9888,2022,8
159,ILE-DE-FRANCE,ESSONNE,91,114,BRUNOY,56,2215556,9365,2019,8
160,ILE-DE-FRANCE,ESSONNE,91,114,BRUNOY,59,2148390,8575,2020,8
161,ILE-DE-FRANCE,ESSONNE,91,114,BRUNOY,59,2349602,11331,2021,8
162,ILE-DE-FRANCE,ESSONNE,91,114,BRUNOY,64,2234966,9753,2022,8
163,ILE-DE-FRANCE,VAL-DE-MARNE,94,16,CACHAN,51,1901747,6220,2019,8
164,ILE-DE-FRANCE,VAL-DE-MARNE,94,16,CACHAN,51,1982763,6764,2020,8
165,ILE-DE-FRANCE,VAL-DE-MARNE,94,16,CACHAN,60,2015517,7102,2021,8
166,ILE-DE-FRANCE,VAL-DE-MARNE,94,16,CACHAN,61,2048501,7170,2022,8
167,ILE-DE-FRANCE,VAL-DE-MARNE,94,17,CHAMPIGNY SUR MARNE,63,2116037,8820,2019,8
168,ILE-DE-FRANCE,VAL-DE-MARNE,94,17,CHAMPIGNY SUR MARNE,62,2106021,8677,2020,8
169,ILE-DE-FRANCE,VAL-DE-MARNE,94,17,CHAMPIGNY SUR MARNE,70,2128889,8654,2021,8
170,ILE-DE-FRANCE,VAL-DE-MARNE,94,17,CHAMPIGNY SUR MARNE,76,2167405,8917,2022,8
171,ILE-DE-FRANCE,VAL-DE-MARNE,94,18,CHARENTON LE PONT,199,2127499,8110,2019,8
172,ILE-DE-FRANCE,VAL-DE-MARNE,94,18,CHARENTON LE PONT,211,2127032,8118,2020,8
173,ILE-DE-FRANCE,VAL-DE-MARNE,94,18,CHARENTON LE PONT,228,2152178,8343,2021,8
174,ILE-DE-FRANCE,VAL-DE-MARNE,94,18,CHARENTON LE PONT,245,2176289,8415,2022,8
175,ILE-DE-FRANCE,HAUTS-DE-SEINE,92,19,CHATENAY MALABRY,101,2147625,9064,2019,8
176,ILE-DE-FRANCE,HAUTS-DE-SEINE,92,19,CHATENAY MALABRY,110,2081024,8022,2020,8
177,ILE-DE-FRANCE,HAUTS-DE-SEINE,92,19,CHATENAY MALABRY,114,2125800,8491,2021,8
178,ILE-DE-FRANCE,HAUTS-DE-SEINE,92,19,CHATENAY MALABRY,126,2124573,8238,2022,8
179,ILE-DE-FRANCE,HAUTS-DE-SEINE,92,20,CHATILLON,89,2182222,9474,2019,8
180,ILE-DE-FRANCE,HAUTS-DE-SEINE,92,20,CHATILLON,92,2161120,9204,2020,8
181,ILE-DE-FRANCE,HAUTS-DE-SEINE,92,20,CHATILLON,99,2212116,9699,2021,8
182,ILE-DE-FRANCE,HAUTS-DE-SEINE,92,20,CHATILLON,112,2246086,9911,2022,8
183,ILE-DE-FRANCE,YVELINES,78,146,CHATOU,232,2086994,7527,2019,8
184,ILE-DE-FRANCE,YVELINES,78,146,CHATOU,222,2097904,7571,2020,8
185,ILE-DE-FRANCE,YVELINES,78,146,CHATOU,242,2093601,7388,2021,8
186,ILE-DE-FRANCE,YVELINES,78,146,CHATOU,272,2122436,7476,2022,8
187,ILE-DE-FRANCE,HAUTS-DE-SEINE,92,22,CHAVILLE,108,1859030,6170,2019,8
188,ILE-DE-FRANCE,HAUTS-DE-SEINE,92,22,CHAVILLE,112,1937919,6799,2020,8
189,ILE-DE-FRANCE,HAUTS-DE-SEINE,92,22,CHAVILLE,118,1956542,6861,2021,8
190,ILE-DE-FRANCE,HAUTS-DE-SEINE,92,22,CHAVILLE,143,1965197,6836,2022,8
191,ILE-DE-FRANCE,HAUTS-DE-SEINE,92,23,CLAMART,251,2007314,7012,2019,8
192,ILE-DE-FRANCE,HAUTS-DE-SEINE,92,23,CLAMART,261,2049135,7312,2020,8
193,ILE-DE-FRANCE,HAUTS-DE-SEINE,92,23,CLAMART,294,2069916,7547,2021,8
194,ILE-DE-FRANCE,HAUTS-DE-SEINE,92,23,CLAMART,333,2081259,7541,2022,8
195,ILE-DE-FRANCE,HAUTS-DE-SEINE,92,24,CLICHY,52,2081637,8105,2019,8
196,ILE-DE-FRANCE,HAUTS-DE-SEINE,92,24,CLICHY,59,2274025,9329,2021,8
197,ILE-DE-FRANCE,HAUTS-DE-SEINE,92,24,CLICHY,62,2176911,9074,2022,8
198,ILE-DE-FRANCE,HAUTS-DE-SEINE,92,25,COLOMBES,182,2025123,7339,2019,8
199,ILE-DE-FRANCE,HAUTS-DE-SEINE,92,25,COLOMBES,192,2046991,7268,2020,8
200,ILE-DE-FRANCE,HAUTS-DE-SEINE,92,25,COLOMBES,229,2045460,7322,2021,8
201,ILE-DE-FRANCE,HAUTS-DE-SEINE,92,25,COLOMBES,242,2126991,8046,2022,8
202,ILE-DE-FRANCE,HAUTS-DE-SEINE,92,26,COURBEVOIE,349,2027190,7359,2019,8
203,ILE-DE-FRANCE,HAUTS-DE-SEINE,92,26,COURBEVOIE,377,2043659,7496,2020,8
204,ILE-DE-FRANCE,HAUTS-DE-SEINE,92,26,COURBEVOIE,418,2076787,7699,2021,8
205,ILE-DE-FRANCE,HAUTS-DE-SEINE,92,26,COURBEVOIE,453,2073787,7595,2022,8
206,ILE-DE-FRANCE,VAL-DE-MARNE,94,28,CRETEIL,77,2003732,7380,2019,8
207,ILE-DE-FRANCE,VAL-DE-MARNE,94,28,CRETEIL,78,1986890,7120,2020,8
208,ILE-DE-FRANCE,VAL-DE-MARNE,94,28,CRETEIL,73,2051952,7768,2021,8
209,ILE-DE-FRANCE,VAL-DE-MARNE,94,28,CRETEIL,81,2066568,7757,2022,8
210,ILE-DE-FRANCE,HAUTS-DE-SEINE,92,32,FONTENAY AUX ROSES,74,1989128,7290,2019,8
211,ILE-DE-FRANCE,HAUTS-DE-SEINE,92,32,FONTENAY AUX ROSES,77,2019588,7443,2020,8
212,ILE-DE-FRANCE,HAUTS-DE-SEINE,92,32,FONTENAY AUX ROSES,89,2033532,7491,2021,8
213,ILE-DE-FRANCE,HAUTS-DE-SEINE,92,32,FONTENAY AUX ROSES,94,2025241,7227,2022,8
214,ILE-DE-FRANCE,VAL-DE-MARNE,94,33,FONTENAY SOUS BOIS,271,2331649,9473,2019,8
215,ILE-DE-FRANCE,VAL-DE-MARNE,94,33,FONTENAY SOUS BOIS,270,2354795,9713,2020,8
216,ILE-DE-FRANCE,VAL-DE-MARNE,94,33,FONTENAY SOUS BOIS,275,2350111,9238,2021,8
217,ILE-DE-FRANCE,VAL-DE-MARNE,94,33,FONTENAY SOUS BOIS,289,2464082,9964,2022,8
218,ILE-DE-FRANCE,ESSONNE,91,272,GIF SUR YVETTE,98,2025798,7314,2019,8
219,ILE-DE-FRANCE,ESSONNE,91,272,GIF SUR YVETTE,100,2064804,7524,2020,8
220,ILE-DE-FRANCE,ESSONNE,91,272,GIF SUR YVETTE,105,2076096,7609,2021,8
221,ILE-DE-FRANCE,ESSONNE,91,272,GIF SUR YVETTE,118,2132069,7918,2022,8
222,ILE-DE-FRANCE,HAUTS-DE-SEINE,92,40,ISSY LES MOULINEAUX,348,2027966,7189,2019,8
223,ILE-DE-FRANCE,HAUTS-DE-SEINE,92,40,ISSY LES MOULINEAUX,380,2035225,7379,2020,8
224,ILE-DE-FRANCE,HAUTS-DE-SEINE,92,40,ISSY LES MOULINEAUX,449,2058724,7522,2021,8
225,ILE-DE-FRANCE,HAUTS-DE-SEINE,92,40,ISSY LES MOULINEAUX,504,2055431,7464,2022,8
226,ILE-DE-FRANCE,VAL-DE-MARNE,94,38,L'HAY LES ROSES,56,2032772,8003,2019,8
227,ILE-DE-FRANCE,VAL-DE-MARNE,94,38,L'HAY LES ROSES,57,1985493,7559,2020,8
228,ILE-DE-FRANCE,VAL-DE-MARNE,94,38,L'HAY LES ROSES,61,1966281,7305,2021,8
229,ILE-DE-FRANCE,VAL-DE-MARNE,94,38,L'HAY LES ROSES,64,1952700,7438,2022,8
230,ILE-DE-FRANCE,YVELINES,78,126,LA CELLE-SAINT-CLOUD,189,2106718,7394,2019,8
231,ILE-DE-FRANCE,YVELINES,78,126,LA CELLE-SAINT-CLOUD,195,2290647,7477,2020,8
232,ILE-DE-FRANCE,YVELINES,78,126,LA CELLE-SAINT-CLOUD,205,2081858,7169,2021,8
233,ILE-DE-FRANCE,YVELINES,78,126,LA CELLE-SAINT-CLOUD,217,2133828,7671,2022,8
234,ILE-DE-FRANCE,HAUTS-DE-SEINE,92,35,LA GARENNE COLOMBES,143,2077514,7931,2019,8
235,ILE-DE-FRANCE,HAUTS-DE-SEINE,92,35,LA GARENNE COLOMBES,165,2197033,9272,2020,8
236,ILE-DE-FRANCE,HAUTS-DE-SEINE,92,35,LA GARENNE COLOMBES,178,2181441,8796,2021,8
237,ILE-DE-FRANCE,HAUTS-DE-SEINE,92,35,LA GARENNE COLOMBES,194,2199215,9203,2022,8
238,ILE-DE-FRANCE,YVELINES,78,158,LE CHESNAY-ROCQUENCOURT,271,1957630,6340,2019,8
239,ILE-DE-FRANCE,YVELINES,78,158,LE CHESNAY-ROCQUENCOURT,320,2043637,7073,2020,8
240,ILE-DE-FRANCE,YVELINES,78,158,LE CHESNAY-ROCQUENCOURT,355,2140067,7867,2021,8
241,ILE-DE-FRANCE,YVELINES,78,158,LE CHESNAY-ROCQUENCOURT,379,2146550,7995,2022,8
242,ILE-DE-FRANCE,VAL-DE-MARNE,94,58,LE PERREUX SUR MARNE,176,2164142,8402,2019,8
243,ILE-DE-FRANCE,VAL-DE-MARNE,94,58,LE PERREUX SUR MARNE,173,2113725,7758,2020,8
244,ILE-DE-FRANCE,VAL-DE-MARNE,94,58,LE PERREUX SUR MARNE,195,2162983,8636,2021,8
245,ILE-DE-FRANCE,VAL-DE-MARNE,94,58,LE PERREUX SUR MARNE,203,2158288,8492,2022,8
246,ILE-DE-FRANCE,HAUTS-DE-SEINE,92,60,LE PLESSIS ROBINSON,61,2099971,7346,2019,8
247,ILE-DE-FRANCE,HAUTS-DE-SEINE,92,60,LE PLESSIS ROBINSON,70,2154687,7935,2020,8
248,ILE-DE-FRANCE,HAUTS-DE-SEINE,92,60,LE PLESSIS ROBINSON,71,2219919,8732,2021,8
249,ILE-DE-FRANCE,HAUTS-DE-SEINE,92,60,LE PLESSIS ROBINSON,75,2201628,8423,2022,8
250,ILE-DE-FRANCE,SEINE-SAINT-DENIS,93,45,LES LILAS,51,2027136,7320,2020,8
251,ILE-DE-FRANCE,SEINE-SAINT-DENIS,93,45,LES LILAS,53,1939892,6790,2021,8
252,ILE-DE-FRANCE,SEINE-SAINT-DENIS,93,45,LES LILAS,58,2470766,13988,2022,8
253,ILE-DE-FRANCE,HAUTS-DE-SEINE,92,44,LEVALLOIS-PERRET,593,2301775,9777,2019,8
254,ILE-DE-FRANCE,HAUTS-DE-SEINE,92,44,LEVALLOIS-PERRET,633,2316840,9453,2020,8
255,ILE-DE-FRANCE,HAUTS-DE-SEINE,92,44,LEVALLOIS-PERRET,674,2337482,9485,2021,8
256,ILE-DE-FRANCE,HAUTS-DE-SEINE,92,44,LEVALLOIS-PERRET,732,2332997,9423,2022,8
257,ILE-DE-FRANCE,VAL-DE-MARNE,94,46,MAISONS-ALFORT,110,2081845,7917,2019,8
258,ILE-DE-FRANCE,VAL-DE-MARNE,94,46,MAISONS-ALFORT,118,2113140,8178,2020,8
259,ILE-DE-FRANCE,VAL-DE-MARNE,94,46,MAISONS-ALFORT,126,2146757,8447,2021,8
260,ILE-DE-FRANCE,VAL-DE-MARNE,94,46,MAISONS-ALFORT,136,2163052,8631,2022,8
261,ILE-DE-FRANCE,YVELINES,78,358,MAISONS-LAFFITTE,231,2038385,7143,2019,8
262,ILE-DE-FRANCE,YVELINES,78,358,MAISONS-LAFFITTE,240,2142351,8091,2020,8
263,ILE-DE-FRANCE,YVELINES,78,358,MAISONS-LAFFITTE,257,2136473,8198,2021,8
264,ILE-DE-FRANCE,YVELINES,78,358,MAISONS-LAFFITTE,301,2131771,8021,2022,8
265,ILE-DE-FRANCE,HAUTS-DE-SEINE,92,46,MALAKOFF,62,2336846,9058,2019,8
266,ILE-DE-FRANCE,HAUTS-DE-SEINE,92,46,MALAKOFF,67,2263465,8779,2020,8
267,ILE-DE-FRANCE,HAUTS-DE-SEINE,92,46,MALAKOFF,80,2330760,9330,2021,8
268,ILE-DE-FRANCE,HAUTS-DE-SEINE,92,46,MALAKOFF,88,2339674,9523,2022,8
269,ILE-DE-FRANCE,SEINE-ET-MARNE,77,284,MEAUX,53,2100117,7635,2020,8
270,ILE-DE-FRANCE,SEINE-ET-MARNE,77,284,MEAUX,59,2080362,7457,2021,8
271,ILE-DE-FRANCE,SEINE-ET-MARNE,77,284,MEAUX,61,2127553,7920,2022,8
272,ILE-DE-FRANCE,HAUTS-DE-SEINE,92,48,MEUDON,360,2104584,7519,2019,8
273,ILE-DE-FRANCE,HAUTS-DE-SEINE,92,48,MEUDON,379,2118038,7706,2020,8
274,ILE-DE-FRANCE,HAUTS-DE-SEINE,92,48,MEUDON,412,2105975,7404,2021,8
275,ILE-DE-FRANCE,HAUTS-DE-SEINE,92,48,MEUDON,467,2116213,7413,2022,8
276,ILE-DE-FRANCE,ESSONNE,91,421,MONTGERON,58,2314293,10561,2021,8
277,ILE-DE-FRANCE,ESSONNE,91,421,MONTGERON,62,2442476,11803,2022,8
278,ILE-DE-FRANCE,VAL-D'OISE,95,428,MONTMORENCY,118,2319776,9963,2019,8
279,ILE-DE-FRANCE,VAL-D'OISE,95,428,MONTMORENCY,117,2353003,11105,2020,8
280,ILE-DE-FRANCE,VAL-D'OISE,95,428,MONTMORENCY,122,2405212,10699,2021,8
281,ILE-DE-FRANCE,VAL-D'OISE,95,428,MONTMORENCY,137,2368405,10204,2022,8
282,ILE-DE-FRANCE,SEINE-SAINT-DENIS,93,48,MONTREUIL SOUS BOIS,87,2009584,6921,2019,8
283,ILE-DE-FRANCE,SEINE-SAINT-DENIS,93,48,MONTREUIL SOUS BOIS,102,1958129,7102,2020,8
284,ILE-DE-FRANCE,SEINE-SAINT-DENIS,93,48,MONTREUIL SOUS BOIS,115,2006194,7331,2021,8
285,ILE-DE-FRANCE,SEINE-SAINT-DENIS,93,48,MONTREUIL SOUS BOIS,134,1966861,7117,2022,8
286,ILE-DE-FRANCE,HAUTS-DE-SEINE,92,49,MONTROUGE,179,2194745,9744,2019,8
287,ILE-DE-FRANCE,HAUTS-DE-SEINE,92,49,MONTROUGE,198,2143076,9341,2020,8
288,ILE-DE-FRANCE,HAUTS-DE-SEINE,92,49,MONTROUGE,221,2166077,9359,2021,8
289,ILE-DE-FRANCE,HAUTS-DE-SEINE,92,49,MONTROUGE,246,2152624,9205,2022,8
290,ILE-DE-FRANCE,HAUTS-DE-SEINE,92,50,NANTERRE,93,2105610,8334,2019,8
291,ILE-DE-FRANCE,HAUTS-DE-SEINE,92,50,NANTERRE,98,2119191,8468,2020,8
292,ILE-DE-FRANCE,HAUTS-DE-SEINE,92,50,NANTERRE,100,2084585,8144,2021,8
293,ILE-DE-FRANCE,HAUTS-DE-SEINE,92,50,NANTERRE,110,2167359,8826,2022,8
294,ILE-DE-FRANCE,VAL-DE-MARNE,94,52,NOGENT SUR MARNE,312,2801745,8373,2019,8
295,ILE-DE-FRANCE,VAL-DE-MARNE,94,52,NOGENT SUR MARNE,314,2845109,8549,2020,8
296,ILE-DE-FRANCE,VAL-DE-MARNE,94,52,NOGENT SUR MARNE,313,2945152,9252,2021,8
297,ILE-DE-FRANCE,VAL-DE-MARNE,94,52,NOGENT SUR MARNE,338,2877186,9524,2022,8
298,ILE-DE-FRANCE,SEINE-SAINT-DENIS,93,51,NOISY LE GRAND,59,2293357,9331,2019,8
299,ILE-DE-FRANCE,SEINE-SAINT-DENIS,93,51,NOISY LE GRAND,60,2355900,10328,2020,8
300,ILE-DE-FRANCE,SEINE-SAINT-DENIS,93,51,NOISY LE GRAND,60,2322390,10276,2021,8
301,ILE-DE-FRANCE,SEINE-SAINT-DENIS,93,51,NOISY LE GRAND,64,2351088,9794,2022,8
302,ILE-DE-FRANCE,ESSONNE,91,477,PALAISEAU,51,3234389,14644,2019,8
303,ILE-DE-FRANCE,ESSONNE,91,477,PALAISEAU,55,3043483,11759,2020,8
304,ILE-DE-FRANCE,ESSONNE,91,477,PALAISEAU,65,2930254,10310,2021,8
305,ILE-DE-FRANCE,ESSONNE,91,477,PALAISEAU,76,2782407,9944,2022,8
306,ILE-DE-FRANCE,PARIS,75,110,PARIS 10e,530,2166497,8407,2019,8
307,ILE-DE-FRANCE,PARIS,75,110,PARIS 10e,593,2143113,8192,2020,8
308,ILE-DE-FRANCE,PARIS,75,110,PARIS 10e,637,2178027,8359,2021,8
309,ILE-DE-FRANCE,PARIS,75,110,PARIS 10e,714,2183052,8458,2022,8
310,ILE-DE-FRANCE,PARIS,75,113,PARIS 13e,936,2156244,8602,2019,8
311,ILE-DE-FRANCE,PARIS,75,118,PARIS 18e,799,2465575,11154,2019,8
312,ILE-DE-FRANCE,PARIS,75,118,PARIS 18e,823,2598371,11427,2020,8
313,ILE-DE-FRANCE,PARIS,75,118,PARIS 18e,875,2521034,11273,2021,8
314,ILE-DE-FRANCE,PARIS,75,118,PARIS 18e,948,2547934,11627,2022,8
315,ILE-DE-FRANCE,PARIS,75,119,PARIS 19e,471,2226403,8683,2019,8
316,ILE-DE-FRANCE,PARIS,75,119,PARIS 19e,498,2258958,8891,2020,8
317,ILE-DE-FRANCE,PARIS,75,119,PARIS 19e,541,2275077,8813,2021,8
318,ILE-DE-FRANCE,PARIS,75,119,PARIS 19e,594,2385687,9972,2022,8
319,ILE-DE-FRANCE,PARIS,75,101,PARIS 1er,517,2755940,13402,2019,8
320,ILE-DE-FRANCE,PARIS,75,101,PARIS 1er,539,2805955,13503,2020,8
321,ILE-DE-FRANCE,PARIS,75,101,PARIS 1er,572,2847199,13625,2021,8
322,ILE-DE-FRANCE,PARIS,75,101,PARIS 1er,589,2832589,14142,2022,8
323,ILE-DE-FRANCE,PARIS,75,120,PARIS 20e,469,2092449,8136,2019,8
324,ILE-DE-FRANCE,PARIS,75,120,PARIS 20e,510,2155114,8655,2020,8
325,ILE-DE-FRANCE,PARIS,75,120,PARIS 20e,556,2222816,8489,2021,8
326,ILE-DE-FRANCE,PARIS,75,120,PARIS 20e,599,2216894,8527,2022,8
327,ILE-DE-FRANCE,PARIS,75,102,PARIS 2e,303,2361067,10649,2019,8
328,ILE-DE-FRANCE,PARIS,75,102,PARIS 2e,310,2393482,10928,2020,8
329,ILE-DE-FRANCE,PARIS,75,102,PARIS 2e,344,2357418,10614,2021,8
330,ILE-DE-FRANCE,PARIS,75,102,PARIS 2e,385,2473198,11162,2022,8
331,ILE-DE-FRANCE,PARIS,75,103,PARIS 3e,742,2531358,12101,2019,8
332,ILE-DE-FRANCE,PARIS,75,103,PARIS 3e,778,2552963,12493,2020,8
333,ILE-DE-FRANCE,PARIS,75,103,PARIS 3e,848,2601499,12215,2021,8
334,ILE-DE-FRANCE,PARIS,75,103,PARIS 3e,887,2653122,13157,2022,8
335,ILE-DE-FRANCE,PARIS,75,104,PARIS 4e,836,2761867,13712,2019,8
336,ILE-DE-FRANCE,PARIS,75,104,PARIS 4e,872,2757815,13092,2020,8
337,ILE-DE-FRANCE,PARIS,75,104,PARIS 4e,924,2813386,14092,2021,8
338,ILE-DE-FRANCE,PARIS,75,104,PARIS 4e,954,2831332,14004,2022,8
339,ILE-DE-FRANCE,HAUTS-DE-SEINE,92,62,PUTEAUX,121,2115114,8564,2019,8
340,ILE-DE-FRANCE,HAUTS-DE-SEINE,92,62,PUTEAUX,134,2121506,8477,2020,8
341,ILE-DE-FRANCE,HAUTS-DE-SEINE,92,62,PUTEAUX,143,2128067,8470,2021,8
342,ILE-DE-FRANCE,HAUTS-DE-SEINE,92,62,PUTEAUX,160,2236466,9574,2022,8
343,ILE-DE-FRANCE,YVELINES,78,517,RAMBOUILLET,84,2043989,7759,2019,8
344,ILE-DE-FRANCE,YVELINES,78,517,RAMBOUILLET,80,2105455,8385,2020,8
345,ILE-DE-FRANCE,YVELINES,78,517,RAMBOUILLET,82,2108517,7890,2021,8
346,ILE-DE-FRANCE,YVELINES,78,517,RAMBOUILLET,91,2117592,8080,2022,8
347,ILE-DE-FRANCE,HAUTS-DE-SEINE,92,63,RUEIL MALMAISON,646,2145530,8067,2019,8
348,ILE-DE-FRANCE,HAUTS-DE-SEINE,92,63,RUEIL MALMAISON,666,2145313,7956,2020,8
349,ILE-DE-FRANCE,HAUTS-DE-SEINE,92,63,RUEIL MALMAISON,734,2193654,8267,2021,8
350,ILE-DE-FRANCE,HAUTS-DE-SEINE,92,63,RUEIL MALMAISON,808,2244483,8509,2022,8
351,ILE-DE-FRANCE,HAUTS-DE-SEINE,92,64,SAINT CLOUD,618,2395348,10151,2019,8
352,ILE-DE-FRANCE,HAUTS-DE-SEINE,92,64,SAINT CLOUD,625,2421389,10363,2020,8
353,ILE-DE-FRANCE,HAUTS-DE-SEINE,92,64,SAINT CLOUD,659,2414712,10438,2021,8
354,ILE-DE-FRANCE,HAUTS-DE-SEINE,92,64,SAINT CLOUD,710,2444826,10728,2022,8
355,ILE-DE-FRANCE,VAL-DE-MARNE,94,67,SAINT MANDE,401,2466876,11607,2019,8
356,ILE-DE-FRANCE,VAL-DE-MARNE,94,67,SAINT MANDE,419,2495415,10864,2020,8
357,ILE-DE-FRANCE,VAL-DE-MARNE,94,67,SAINT MANDE,436,2466345,11091,2021,8
358,ILE-DE-FRANCE,VAL-DE-MARNE,94,67,SAINT MANDE,455,2447837,10832,2022,8
359,ILE-DE-FRANCE,VAL-DE-MARNE,94,68,SAINT MAUR DES FOSSES,682,2208193,9262,2019,8
360,ILE-DE-FRANCE,VAL-DE-MARNE,94,68,SAINT MAUR DES FOSSES,668,2207442,8997,2020,8
361,ILE-DE-FRANCE,VAL-DE-MARNE,94,68,SAINT MAUR DES FOSSES,744,2226866,9098,2021,8
362,ILE-DE-FRANCE,VAL-DE-MARNE,94,68,SAINT MAUR DES FOSSES,805,2249083,9264,2022,8
363,ILE-DE-FRANCE,YVELINES,78,551,SAINT-GERMAIN-EN-LAYE,514,2196506,8199,2019,8
364,ILE-DE-FRANCE,YVELINES,78,551,SAINT-GERMAIN-EN-LAYE,612,2183282,7928,2020,8
365,ILE-DE-FRANCE,YVELINES,78,551,SAINT-GERMAIN-EN-LAYE,651,2213228,8133,2021,8
366,ILE-DE-FRANCE,YVELINES,78,551,SAINT-GERMAIN-EN-LAYE,688,2246020,8564,2022,8
367,ILE-DE-FRANCE,HAUTS-DE-SEINE,92,71,SCEAUX,403,2240038,8937,2022,8
368,ILE-DE-FRANCE,HAUTS-DE-SEINE,92,72,SEVRES,252,2039924,7388,2019,8
369,ILE-DE-FRANCE,HAUTS-DE-SEINE,92,72,SEVRES,261,2091828,7787,2020,8
370,ILE-DE-FRANCE,HAUTS-DE-SEINE,92,72,SEVRES,298,2068322,7585,2021,8
371,ILE-DE-FRANCE,HAUTS-DE-SEINE,92,72,SEVRES,333,2134555,8225,2022,8
372,ILE-DE-FRANCE,VAL-D'OISE,95,555,ST GRATIEN,52,2101699,8347,2021,8
373,ILE-DE-FRANCE,VAL-D'OISE,95,555,ST GRATIEN,60,2026099,7446,2022,8
374,ILE-DE-FRANCE,VAL-DE-MARNE,94,71,SUCY EN BRIE,60,1954347,6987,2019,8
375,ILE-DE-FRANCE,VAL-DE-MARNE,94,71,SUCY EN BRIE,60,2043044,7684,2020,8
376,ILE-DE-FRANCE,VAL-DE-MARNE,94,71,SUCY EN BRIE,66,2030079,7283,2021,8
377,ILE-DE-FRANCE,VAL-DE-MARNE,94,71,SUCY EN BRIE,73,2099084,8074,2022,8
378,ILE-DE-FRANCE,HAUTS-DE-SEINE,92,73,SURESNES,246,2030228,7091,2019,8
379,ILE-DE-FRANCE,HAUTS-DE-SEINE,92,73,SURESNES,262,2034503,7113,2020,8
380,ILE-DE-FRANCE,HAUTS-DE-SEINE,92,73,SURESNES,290,2057632,7451,2021,8
381,ILE-DE-FRANCE,HAUTS-DE-SEINE,92,73,SURESNES,325,2104393,7773,2022,8
382,ILE-DE-FRANCE,HAUTS-DE-SEINE,92,75,VANVES,149,2052514,7509,2019,8
383,ILE-DE-FRANCE,HAUTS-DE-SEINE,92,75,VANVES,148,2025536,7491,2020,8
384,ILE-DE-FRANCE,HAUTS-DE-SEINE,92,75,VANVES,153,2070197,7700,2021,8
385,ILE-DE-FRANCE,HAUTS-DE-SEINE,92,75,VANVES,170,2124748,8415,2022,8
386,ILE-DE-FRANCE,VAL-DE-MARNE,94,76,VILLEJUIF,54,2140874,8892,2022,8
387,ILE-DE-FRANCE,SEINE-SAINT-DENIS,93,77,VILLEMOMBLE,55,2240805,9872,2019,8
388,ILE-DE-FRANCE,SEINE-SAINT-DENIS,93,77,VILLEMOMBLE,53,2384303,11006,2020,8
389,ILE-DE-FRANCE,SEINE-SAINT-DENIS,93,77,VILLEMOMBLE,53,2305022,9791,2021,8
390,ILE-DE-FRANCE,VAL-DE-MARNE,94,80,VINCENNES,429,2120055,7908,2019,8
391,ILE-DE-FRANCE,VAL-DE-MARNE,94,80,VINCENNES,446,2155274,8278,2020,8
392,ILE-DE-FRANCE,VAL-DE-MARNE,94,80,VINCENNES,470,2151686,8030,2021,8
393,ILE-DE-FRANCE,VAL-DE-MARNE,94,80,VINCENNES,522,2163228,8143,2022,8
394,ILE-DE-FRANCE,VAL-DE-MARNE,94,81,VITRY SUR SEINE,56,2060675,8164,2019,8
395,ILE-DE-FRANCE,VAL-DE-MARNE,94,81,VITRY SUR SEINE,53,2099996,8661,2020,8
396,ILE-DE-FRANCE,VAL-DE-MARNE,94,81,VITRY SUR SEINE,51,2111767,8756,2021,8
397,ILE-DE-FRANCE,VAL-DE-MARNE,94,81,VITRY SUR SEINE,53,2147960,9237,2022,8
398,LA REUNION,LA REUNION,97,411,SAINT DENIS,291,2324532,10569,2019,9
399,LA REUNION,LA REUNION,97,411,SAINT DENIS,293,2383615,11004,2020,9
400,LA REUNION,LA REUNION,97,411,SAINT DENIS,292,2488467,11464,2021,9
401,LA REUNION,LA REUNION,97,411,SAINT DENIS,309,2448651,10902,2022,9
402,LA REUNION,LA REUNION,97,415,SAINT PAUL,174,2161052,9064,2019,9
403,LA REUNION,LA REUNION,97,415,SAINT PAUL,175,2144491,8940,2020,9
404,LA REUNION,LA REUNION,97,415,SAINT PAUL,186,2207109,9516,2021,9
405,LA REUNION,LA REUNION,97,415,SAINT PAUL,208,2205636,9531,2022,9
406,LA REUNION,LA REUNION,97,416,SAINT PIERRE,108,2495870,12228,2019,9
407,LA REUNION,LA REUNION,97,416,SAINT PIERRE,111,2385917,11002,2020,9
408,LA REUNION,LA REUNION,97,416,SAINT PIERRE,115,2437165,11334,2021,9
409,LA REUNION,LA REUNION,97,416,SAINT PIERRE,119,2383185,10730,2022,9
410,LA REUNION,LA REUNION,97,422,TAMPON,93,2145837,8875,2019,9
411,LA REUNION,LA REUNION,97,422,TAMPON,93,2143365,8852,2020,9
412,LA REUNION,LA REUNION,97,422,TAMPON,100,2115447,8301,2021,9
413,LA REUNION,LA REUNION,97,422,TAMPON,95,2450843,11759,2022,9
414,LES-HAUTS-DE-FRANCE,SOMME,80,21,AMIENS,160,2176603,8769,2019,10
415,LES-HAUTS-DE-FRANCE,SOMME,80,21,AMIENS,165,2106323,8044,2020,10
416,LES-HAUTS-DE-FRANCE,SOMME,80,21,AMIENS,167,2154557,8469,2021,10
417,LES-HAUTS-DE-FRANCE,SOMME,80,21,AMIENS,169,2190789,8679,2022,10
418,LES-HAUTS-DE-FRANCE,PAS-DE-CALAIS,62,41,ARRAS,51,1884753,6321,2021,10
419,LES-HAUTS-DE-FRANCE,PAS-DE-CALAIS,62,41,ARRAS,52,1940972,6975,2022,10
420,LES-HAUTS-DE-FRANCE,OISE,60,57,BEAUVAIS,61,2895949,15666,2019,10
421,LES-HAUTS-DE-FRANCE,OISE,60,57,BEAUVAIS,61,3055466,13556,2020,10
422,LES-HAUTS-DE-FRANCE,OISE,60,57,BEAUVAIS,61,3129108,13607,2021,10
423,LES-HAUTS-DE-FRANCE,OISE,60,57,BEAUVAIS,63,3063474,14153,2022,10
424,LES-HAUTS-DE-FRANCE,OISE,60,159,COMPIEGNE,101,2672753,11081,2019,10
425,LES-HAUTS-DE-FRANCE,OISE,60,159,COMPIEGNE,100,2791353,15025,2020,10
426,LES-HAUTS-DE-FRANCE,OISE,60,159,COMPIEGNE,104,2808925,12020,2021,10
427,LES-HAUTS-DE-FRANCE,OISE,60,159,COMPIEGNE,114,2728272,13032,2022,10
428,LES-HAUTS-DE-FRANCE,NORD,59,163,CROIX,85,2168735,7149,2019,10
429,LES-HAUTS-DE-FRANCE,NORD,59,163,CROIX,90,2167695,7503,2020,10
430,LES-HAUTS-DE-FRANCE,NORD,59,163,CROIX,95,2345519,8725,2021,10
431,LES-HAUTS-DE-FRANCE,NORD,59,163,CROIX,111,2295986,7722,2022,10
432,LES-HAUTS-DE-FRANCE,NORD,59,183,DUNKERQUE,53,2027053,7673,2019,10
433,LES-HAUTS-DE-FRANCE,NORD,59,183,DUNKERQUE,59,2063525,8042,2020,10
434,LES-HAUTS-DE-FRANCE,NORD,59,183,DUNKERQUE,65,2033788,7795,2021,10
435,LES-HAUTS-DE-FRANCE,NORD,59,183,DUNKERQUE,59,2164627,8918,2022,10
436,LES-HAUTS-DE-FRANCE,NORD,59,368,LA MADELEINE,53,2531042,10561,2019,10
437,LES-HAUTS-DE-FRANCE,NORD,59,368,LA MADELEINE,54,2359042,9111,2020,10
438,LES-HAUTS-DE-FRANCE,NORD,59,368,LA MADELEINE,58,2391066,11929,2021,10
439,LES-HAUTS-DE-FRANCE,NORD,59,368,LA MADELEINE,64,2486072,9666,2022,10
440,LES-HAUTS-DE-FRANCE,NORD,59,328,LAMBERSART,60,2364093,9423,2019,10
441,LES-HAUTS-DE-FRANCE,NORD,59,328,LAMBERSART,70,2458088,9225,2020,10
442,LES-HAUTS-DE-FRANCE,NORD,59,328,LAMBERSART,89,2424694,9942,2021,10
443,LES-HAUTS-DE-FRANCE,NORD,59,328,LAMBERSART,92,2360265,9299,2022,10
444,LES-HAUTS-DE-FRANCE,NORD,59,350,LILLE,283,2367618,9904,2019,10
445,LES-HAUTS-DE-FRANCE,NORD,59,350,LILLE,304,2389999,10621,2020,10
446,LES-HAUTS-DE-FRANCE,NORD,59,350,LILLE,325,2256665,8556,2021,10
447,LES-HAUTS-DE-FRANCE,NORD,59,350,LILLE,366,2406814,9731,2022,10
448,LES-HAUTS-DE-FRANCE,NORD,59,378,MARCQ EN BAROEUL,227,2346145,8927,2019,10
449,LES-HAUTS-DE-FRANCE,NORD,59,378,MARCQ EN BAROEUL,228,2388338,8570,2020,10
450,LES-HAUTS-DE-FRANCE,NORD,59,378,MARCQ EN BAROEUL,248,2361357,8036,2021,10
451,LES-HAUTS-DE-FRANCE,NORD,59,378,MARCQ EN BAROEUL,288,2319071,8630,2022,10
452,LES-HAUTS-DE-FRANCE,NORD,59,9,VILLENEUVE D'ASCQ,103,2088373,7670,2019,10
453,LES-HAUTS-DE-FRANCE,NORD,59,9,VILLENEUVE D'ASCQ,109,2352335,7018,2020,10
454,LES-HAUTS-DE-FRANCE,NORD,59,9,VILLENEUVE D'ASCQ,119,1943706,5461,2021,10
455,LES-HAUTS-DE-FRANCE,NORD,59,9,VILLENEUVE D'ASCQ,136,1969385,6135,2022,10
456,LES-HAUTS-DE-FRANCE,NORD,59,646,WASQUEHAL,74,2266876,9860,2019,10
457,LES-HAUTS-DE-FRANCE,NORD,59,646,WASQUEHAL,71,2124288,7591,2020,10
458,LES-HAUTS-DE-FRANCE,NORD,59,646,WASQUEHAL,75,2120453,7619,2021,10
459,LES-HAUTS-DE-FRANCE,NORD,59,646,WASQUEHAL,87,2145642,8167,2022,10
460,NORMANDIE,CALVADOS,14,118,CAEN,197,2192665,9311,2019,11
461,NORMANDIE,CALVADOS,14,118,CAEN,193,2184839,9207,2020,11
462,NORMANDIE,CALVADOS,14,118,CAEN,213,2236565,9557,2021,11
463,NORMANDIE,CALVADOS,14,118,CAEN,235,2255639,9789,2022,11
464,NORMANDIE,SEINE-MARITIME,76,351,LE HAVRE,103,2202851,9551,2019,11
465,NORMANDIE,SEINE-MARITIME,76,351,LE HAVRE,96,2184636,9070,2020,11
466,NORMANDIE,SEINE-MARITIME,76,351,LE HAVRE,112,2192983,9209,2021,11
467,NORMANDIE,SEINE-MARITIME,76,351,LE HAVRE,118,2164953,8925,2022,11
468,NORMANDIE,SEINE-MARITIME,76,540,ROUEN,158,2102109,8472,2019,11
469,NORMANDIE,SEINE-MARITIME,76,540,ROUEN,152,2145965,8751,2020,11
470,NORMANDIE,SEINE-MARITIME,76,540,ROUEN,166,2168910,8814,2021,11
471,NORMANDIE,SEINE-MARITIME,76,540,ROUEN,197,2156208,8387,2022,11
472,NOUVELLE-AQUITAINE,PYRENEES-ATLANTIQUES,64,24,ANGLET,190,2057209,8322,2019,12
473,NOUVELLE-AQUITAINE,PYRENEES-ATLANTIQUES,64,24,ANGLET,207,2066437,7957,2020,12
474,NOUVELLE-AQUITAINE,PYRENEES-ATLANTIQUES,64,24,ANGLET,252,2152651,8967,2021,12
475,NOUVELLE-AQUITAINE,PYRENEES-ATLANTIQUES,64,24,ANGLET,306,2099088,8281,2022,12
476,NOUVELLE-AQUITAINE,PYRENEES-ATLANTIQUES,64,102,BAYONNE,114,2071024,8246,2019,12
477,NOUVELLE-AQUITAINE,PYRENEES-ATLANTIQUES,64,102,BAYONNE,129,2071107,7940,2020,12
478,NOUVELLE-AQUITAINE,PYRENEES-ATLANTIQUES,64,102,BAYONNE,133,2188455,8537,2021,12
479,NOUVELLE-AQUITAINE,PYRENEES-ATLANTIQUES,64,102,BAYONNE,144,2208999,9090,2022,12
480,NOUVELLE-AQUITAINE,PYRENEES-ATLANTIQUES,64,122,BIARRITZ,262,2243840,9875,2019,12
481,NOUVELLE-AQUITAINE,PYRENEES-ATLANTIQUES,64,122,BIARRITZ,273,2213642,8781,2020,12
482,NOUVELLE-AQUITAINE,PYRENEES-ATLANTIQUES,64,122,BIARRITZ,332,2262827,9104,2021,12
483,NOUVELLE-AQUITAINE,PYRENEES-ATLANTIQUES,64,122,BIARRITZ,405,2309024,9546,2022,12
484,NOUVELLE-AQUITAINE,CORREZE,19,31,BRIVE,58,2718003,15376,2019,12
485,NOUVELLE-AQUITAINE,CORREZE,19,31,BRIVE,59,2764393,15444,2020,12
486,NOUVELLE-AQUITAINE,CORREZE,19,31,BRIVE,59,2850188,14878,2021,12
487,NOUVELLE-AQUITAINE,CORREZE,19,31,BRIVE,66,2759759,14534,2022,12
488,NOUVELLE-AQUITAINE,GIRONDE,33,162,EYSINES,52,2076615,8194,2021,12
489,NOUVELLE-AQUITAINE,GIRONDE,33,162,EYSINES,57,2019978,7732,2022,12
490,NOUVELLE-AQUITAINE,GIRONDE,33,192,GRADIGNAN,69,2137297,8463,2019,12
491,NOUVELLE-AQUITAINE,GIRONDE,33,192,GRADIGNAN,71,2260960,9111,2020,12
492,NOUVELLE-AQUITAINE,GIRONDE,33,192,GRADIGNAN,75,2371111,9858,2021,12
493,NOUVELLE-AQUITAINE,GIRONDE,33,192,GRADIGNAN,80,2472298,10348,2022,12
494,NOUVELLE-AQUITAINE,GIRONDE,33,199,GUJAN-MESTRAS,53,2030226,8054,2021,12
495,NOUVELLE-AQUITAINE,GIRONDE,33,199,GUJAN-MESTRAS,68,1986092,7480,2022,12
496,NOUVELLE-AQUITAINE,CHARENTE-MARITIME,17,300,LA ROCHELLE,220,2072775,7873,2019,12
497,NOUVELLE-AQUITAINE,CHARENTE-MARITIME,17,300,LA ROCHELLE,236,2087858,7857,2020,12
498,NOUVELLE-AQUITAINE,CHARENTE-MARITIME,17,300,LA ROCHELLE,268,2127345,8278,2021,12
499,NOUVELLE-AQUITAINE,CHARENTE-MARITIME,17,300,LA ROCHELLE,305,2161802,8229,2022,12
500,NOUVELLE-AQUITAINE,GIRONDE,33,529,LA TESTE DE BUCH,196,2266493,8843,2019,12
501,NOUVELLE-AQUITAINE,GIRONDE,33,529,LA TESTE DE BUCH,195,2309321,9374,2020,12
502,NOUVELLE-AQUITAINE,GIRONDE,33,529,LA TESTE DE BUCH,234,2280975,9896,2021,12
503,NOUVELLE-AQUITAINE,GIRONDE,33,529,LA TESTE DE BUCH,282,2280552,9076,2022,12
504,NOUVELLE-AQUITAINE,GIRONDE,33,69,LE BOUSCAT,181,2426451,11318,2019,12
505,NOUVELLE-AQUITAINE,GIRONDE,33,69,LE BOUSCAT,197,2468063,11565,2020,12
506,NOUVELLE-AQUITAINE,GIRONDE,33,69,LE BOUSCAT,215,2451929,11819,2021,12
507,NOUVELLE-AQUITAINE,GIRONDE,33,69,LE BOUSCAT,259,2410045,11182,2022,12
508,NOUVELLE-AQUITAINE,HAUTE-VIENNE,87,85,LIMOGES,131,2285481,9985,2019,12
509,NOUVELLE-AQUITAINE,HAUTE-VIENNE,87,85,LIMOGES,139,2287185,9998,2020,12
510,NOUVELLE-AQUITAINE,HAUTE-VIENNE,87,85,LIMOGES,138,2373323,11236,2021,12
511,NOUVELLE-AQUITAINE,HAUTE-VIENNE,87,85,LIMOGES,149,2314909,10543,2022,12
512,NOUVELLE-AQUITAINE,GIRONDE,33,281,MERIGNAC,145,2145902,9426,2019,12
513,NOUVELLE-AQUITAINE,GIRONDE,33,281,MERIGNAC,152,2139603,8930,2020,12
514,NOUVELLE-AQUITAINE,GIRONDE,33,281,MERIGNAC,165,2257744,9734,2021,12
515,NOUVELLE-AQUITAINE,GIRONDE,33,281,MERIGNAC,177,2204196,9551,2022,12
516,NOUVELLE-AQUITAINE,DEUX-SEVRES,79,191,NIORT,52,2256245,10203,2019,12
517,NOUVELLE-AQUITAINE,DEUX-SEVRES,79,191,NIORT,51,2266692,10292,2020,12
518,NOUVELLE-AQUITAINE,DEUX-SEVRES,79,191,NIORT,54,2211150,9419,2021,12
519,NOUVELLE-AQUITAINE,DEUX-SEVRES,79,191,NIORT,56,2119336,7370,2022,12
520,NOUVELLE-AQUITAINE,PYRENEES-ATLANTIQUES,64,445,PAU,100,1868959,6301,2019,12
521,NOUVELLE-AQUITAINE,PYRENEES-ATLANTIQUES,64,445,PAU,112,1895825,6563,2020,12
522,NOUVELLE-AQUITAINE,PYRENEES-ATLANTIQUES,64,445,PAU,109,2012327,7221,2021,12
523,NOUVELLE-AQUITAINE,PYRENEES-ATLANTIQUES,64,445,PAU,117,2086255,7608,2022,12
524,NOUVELLE-AQUITAINE,GIRONDE,33,318,PESSAC,109,1935728,6363,2019,12
525,NOUVELLE-AQUITAINE,GIRONDE,33,318,PESSAC,118,2078918,7077,2020,12
526,NOUVELLE-AQUITAINE,GIRONDE,33,318,PESSAC,121,2198055,8304,2021,12
527,NOUVELLE-AQUITAINE,GIRONDE,33,318,PESSAC,132,2229603,8621,2022,12
528,NOUVELLE-AQUITAINE,VIENNE,86,194,POITIERS,94,1969541,7114,2019,12
529,NOUVELLE-AQUITAINE,VIENNE,86,194,POITIERS,88,2020657,7501,2020,12
530,NOUVELLE-AQUITAINE,VIENNE,86,194,POITIERS,99,1987967,7268,2021,12
531,NOUVELLE-AQUITAINE,VIENNE,86,194,POITIERS,103,2018790,7477,2022,12
532,NOUVELLE-AQUITAINE,GIRONDE,33,449,SAINT-MEDARD-EN-JALLES,52,2105352,8445,2019,12
533,NOUVELLE-AQUITAINE,GIRONDE,33,449,SAINT-MEDARD-EN-JALLES,52,2165972,8293,2020,12
534,NOUVELLE-AQUITAINE,GIRONDE,33,449,SAINT-MEDARD-EN-JALLES,51,2251278,8852,2021,12
535,NOUVELLE-AQUITAINE,GIRONDE,33,449,SAINT-MEDARD-EN-JALLES,58,2248769,9611,2022,12
536,NOUVELLE-AQUITAINE,GIRONDE,33,522,TALENCE,83,2080981,8386,2019,12
537,NOUVELLE-AQUITAINE,GIRONDE,33,522,TALENCE,88,2183650,8684,2020,12
538,NOUVELLE-AQUITAINE,GIRONDE,33,522,TALENCE,96,2153829,8813,2021,12
539,NOUVELLE-AQUITAINE,GIRONDE,33,522,TALENCE,107,2230194,9679,2022,12
540,OCCITANIE,HERAULT,34,3,AGDE,57,2121132,8349,2019,13
541,OCCITANIE,HERAULT,34,3,AGDE,66,2155865,8598,2020,13
542,OCCITANIE,HERAULT,34,3,AGDE,64,2175962,8893,2021,13
543,OCCITANIE,HERAULT,34,3,AGDE,76,2112517,8321,2022,13
544,OCCITANIE,TARN,81,4,ALBI,65,1906581,6477,2019,13
545,OCCITANIE,TARN,81,4,ALBI,62,1967843,6819,2020,13
546,OCCITANIE,TARN,81,4,ALBI,65,2024403,7282,2021,13
547,OCCITANIE,TARN,81,4,ALBI,65,2113080,8346,2022,13
548,OCCITANIE,HERAULT,34,32,BEZIERS,79,2285524,9725,2019,13
549,OCCITANIE,HERAULT,34,32,BEZIERS,74,2295292,9706,2020,13
550,OCCITANIE,HERAULT,34,32,BEZIERS,78,2254989,10109,2021,13
551,OCCITANIE,HERAULT,34,32,BEZIERS,88,2262229,10498,2022,13
552,OCCITANIE,HERAULT,34,57,CASTELNAU LE LEZ,97,2199451,9426,2020,13
553,OCCITANIE,HERAULT,34,57,CASTELNAU LE LEZ,102,2289629,11361,2021,13
554,OCCITANIE,HERAULT,34,57,CASTELNAU LE LEZ,103,2403847,11818,2022,13
555,OCCITANIE,TARN-ET-GARONNE,82,121,MONTAUBAN,70,1940250,6901,2019,13
556,OCCITANIE,TARN-ET-GARONNE,82,121,MONTAUBAN,70,1970725,7169,2020,13
557,OCCITANIE,TARN-ET-GARONNE,82,121,MONTAUBAN,77,1976514,7066,2021,13
558,OCCITANIE,TARN-ET-GARONNE,82,121,MONTAUBAN,78,2114443,8140,2022,13
559,OCCITANIE,HERAULT,34,172,MONTPELLIER,440,2107945,8238,2019,13
560,OCCITANIE,HERAULT,34,172,MONTPELLIER,433,2289473,8819,2020,13
561,OCCITANIE,HERAULT,34,172,MONTPELLIER,470,2149149,8448,2021,13
562,OCCITANIE,HERAULT,34,172,MONTPELLIER,481,2198533,9275,2022,13
563,OCCITANIE,AUDE,11,262,NARBONNE,52,1966821,7355,2019,13
564,OCCITANIE,AUDE,11,262,NARBONNE,52,2002954,7671,2020,13
565,OCCITANIE,AUDE,11,262,NARBONNE,61,2038151,8112,2021,13
566,OCCITANIE,AUDE,11,262,NARBONNE,67,2057986,8138,2022,13
567,OCCITANIE,GARD,30,189,NIMES,209,2004702,7771,2019,13
568,OCCITANIE,GARD,30,189,NIMES,207,2071125,8384,2020,13
569,OCCITANIE,GARD,30,189,NIMES,217,2145679,8911,2021,13
570,OCCITANIE,GARD,30,189,NIMES,237,2192135,9472,2022,13
571,OCCITANIE,PYRENEES-ORIENTALES,66,136,PERPIGNAN,133,2096482,8602,2019,13
572,OCCITANIE,PYRENEES-ORIENTALES,66,136,PERPIGNAN,128,2137267,8836,2020,13
573,OCCITANIE,PYRENEES-ORIENTALES,66,136,PERPIGNAN,131,2199415,9303,2021,13
574,OCCITANIE,PYRENEES-ORIENTALES,66,136,PERPIGNAN,136,2203538,9390,2022,13
575,OCCITANIE,HERAULT,34,301,SETE,95,1988436,7271,2019,13
576,OCCITANIE,HERAULT,34,301,SETE,100,2015684,7706,2020,13
577,OCCITANIE,HERAULT,34,301,SETE,97,2052067,8022,2021,13
578,OCCITANIE,HERAULT,34,301,SETE,116,2075251,8080,2022,13
579,OCCITANIE,HAUTE-GARONNE,31,557,TOURNEFEUILLE,61,2213884,8848,2019,13
580,OCCITANIE,HAUTE-GARONNE,31,557,TOURNEFEUILLE,59,2135008,8366,2020,13
581,OCCITANIE,HAUTE-GARONNE,31,557,TOURNEFEUILLE,66,2292439,9084,2021,13
582,OCCITANIE,HAUTE-GARONNE,31,557,TOURNEFEUILLE,72,2312984,9890,2022,13
583,PAYS DE LA LOIRE,MAINE-ET-LOIRE,49,7,ANGERS,160,1926256,6715,2019,14
584,PAYS DE LA LOIRE,MAINE-ET-LOIRE,49,7,ANGERS,158,1947457,6851,2020,14
585,PAYS DE LA LOIRE,MAINE-ET-LOIRE,49,7,ANGERS,177,2000162,7227,2021,14
586,PAYS DE LA LOIRE,MAINE-ET-LOIRE,49,7,ANGERS,220,2159961,8320,2022,14
587,PAYS DE LA LOIRE,LOIRE-ATLANTIQUE,44,26,CARQUEFOU,58,2291033,9854,2022,14
588,PAYS DE LA LOIRE,VENDEE,85,47,CHALLANS,54,2269019,10195,2022,14
589,PAYS DE LA LOIRE,MAYENNE,53,130,LAVAL,66,2479986,11821,2019,14
590,PAYS DE LA LOIRE,MAYENNE,53,130,LAVAL,67,2446329,10555,2020,14
591,PAYS DE LA LOIRE,MAYENNE,53,130,LAVAL,71,2347022,9974,2021,14
592,PAYS DE LA LOIRE,MAYENNE,53,130,LAVAL,80,2396354,10426,2022,14
593,PAYS DE LA LOIRE,SARTHE,72,181,LE MANS,155,2120569,8326,2019,14
594,PAYS DE LA LOIRE,SARTHE,72,181,LE MANS,158,2173667,8726,2020,14
595,PAYS DE LA LOIRE,SARTHE,72,181,LE MANS,163,2218842,9019,2021,14
596,PAYS DE LA LOIRE,SARTHE,72,181,LE MANS,173,2216505,9133,2022,14
597,PAYS DE LA LOIRE,VENDEE,85,194,LES SABLES D'OLONNE,125,2135252,8815,2019,14
598,PAYS DE LA LOIRE,VENDEE,85,194,LES SABLES D'OLONNE,131,2167100,9101,2020,14
599,PAYS DE LA LOIRE,VENDEE,85,194,LES SABLES D'OLONNE,151,2188586,9142,2021,14
600,PAYS DE LA LOIRE,VENDEE,85,194,LES SABLES D'OLONNE,193,2118891,8533,2022,14
601,PAYS DE LA LOIRE,LOIRE-ATLANTIQUE,44,109,NANTES,842,2206265,9026,2019,14
602,PAYS DE LA LOIRE,LOIRE-ATLANTIQUE,44,109,NANTES,897,2264963,9383,2020,14
603,PAYS DE LA LOIRE,LOIRE-ATLANTIQUE,44,109,NANTES,985,2263115,9294,2021,14
604,PAYS DE LA LOIRE,LOIRE-ATLANTIQUE,44,114,ORVAULT,51,1880747,5680,2019,14
605,PAYS DE LA LOIRE,LOIRE-ATLANTIQUE,44,114,ORVAULT,57,1891902,6495,2020,14
606,PAYS DE LA LOIRE,LOIRE-ATLANTIQUE,44,114,ORVAULT,62,2021138,7518,2021,14
607,PAYS DE LA LOIRE,LOIRE-ATLANTIQUE,44,114,ORVAULT,73,2029909,7528,2022,14
608,PAYS DE LA LOIRE,LOIRE-ATLANTIQUE,44,184,ST NAZAIRE,62,2160818,8746,2021,14
609,PAYS DE LA LOIRE,LOIRE-ATLANTIQUE,44,184,ST NAZAIRE,71,2284011,9248,2022,14
610,PAYS DE LA LOIRE,LOIRE-ATLANTIQUE,44,215,VERTOU,52,2028753,7761,2019,14
611,PAYS DE LA LOIRE,LOIRE-ATLANTIQUE,44,215,VERTOU,62,2017899,7912,2020,14
612,PAYS DE LA LOIRE,LOIRE-ATLANTIQUE,44,215,VERTOU,71,2052008,7203,2021,14
613,PAYS DE LA LOIRE,LOIRE-ATLANTIQUE,44,215,VERTOU,78,2050243,7328,2022,14
614,PROVENCE-ALPES-COTE D'AZUR,BOUCHES-DU-RHONE,13,1,AIX EN PROVENCE,875,2192630,8895,2019,15
615,PROVENCE-ALPES-COTE D'AZUR,BOUCHES-DU-RHONE,13,1,AIX EN PROVENCE,895,2285318,9664,2020,15
616,PROVENCE-ALPES-COTE D'AZUR,BOUCHES-DU-RHONE,13,1,AIX EN PROVENCE,941,2238380,9219,2021,15
617,PROVENCE-ALPES-COTE D'AZUR,BOUCHES-DU-RHONE,13,1,AIX EN PROVENCE,982,2318581,9540,2022,15
618,PROVENCE-ALPES-COTE D'AZUR,BOUCHES-DU-RHONE,13,2,ALLAUCH,51,2181350,10338,2022,15
619,PROVENCE-ALPES-COTE D'AZUR,ALPES-MARITIMES,60,4,ANTIBES,418,2187869,8929,2019,15
620,PROVENCE-ALPES-COTE D'AZUR,ALPES-MARITIMES,60,4,ANTIBES,407,2179041,8780,2020,15
621,PROVENCE-ALPES-COTE D'AZUR,ALPES-MARITIMES,60,4,ANTIBES,430,2245773,9240,2021,15
622,PROVENCE-ALPES-COTE D'AZUR,ALPES-MARITIMES,60,4,ANTIBES,432,2291801,9827,2022,15
623,PROVENCE-ALPES-COTE D'AZUR,BOUCHES-DU-RHONE,13,4,ARLES,68,1869322,6264,2019,15
624,PROVENCE-ALPES-COTE D'AZUR,BOUCHES-DU-RHONE,13,4,ARLES,73,1932999,6861,2020,15
625,PROVENCE-ALPES-COTE D'AZUR,BOUCHES-DU-RHONE,13,4,ARLES,77,1951809,6855,2021,15
626,PROVENCE-ALPES-COTE D'AZUR,BOUCHES-DU-RHONE,13,4,ARLES,81,1975904,6898,2022,15
627,PROVENCE-ALPES-COTE D'AZUR,BOUCHES-DU-RHONE,13,5,AUBAGNE,80,2263026,7726,2019,15
628,PROVENCE-ALPES-COTE D'AZUR,BOUCHES-DU-RHONE,13,5,AUBAGNE,80,2057735,8050,2020,15
629,PROVENCE-ALPES-COTE D'AZUR,BOUCHES-DU-RHONE,13,5,AUBAGNE,76,1970332,6919,2021,15
630,PROVENCE-ALPES-COTE D'AZUR,BOUCHES-DU-RHONE,13,5,AUBAGNE,82,2031608,7830,2022,15
631,PROVENCE-ALPES-COTE D'AZUR,VAUCLUSE,84,7,AVIGNON,94,2068354,7206,2019,15
632,PROVENCE-ALPES-COTE D'AZUR,VAUCLUSE,84,7,AVIGNON,94,2029763,7301,2020,15
633,PROVENCE-ALPES-COTE D'AZUR,VAUCLUSE,84,7,AVIGNON,97,1994180,7039,2021,15
634,PROVENCE-ALPES-COTE D'AZUR,VAUCLUSE,84,7,AVIGNON,100,2037645,7497,2022,15
635,PROVENCE-ALPES-COTE D'AZUR,ALPES-MARITIMES,60,27,CAGNES SUR MER,153,2004050,7723,2019,15
636,PROVENCE-ALPES-COTE D'AZUR,ALPES-MARITIMES,60,27,CAGNES SUR MER,154,2058262,8122,2020,15
637,PROVENCE-ALPES-COTE D'AZUR,ALPES-MARITIMES,60,27,CAGNES SUR MER,160,2040286,7844,2021,15
638,PROVENCE-ALPES-COTE D'AZUR,ALPES-MARITIMES,60,27,CAGNES SUR MER,161,2266062,8512,2022,15
639,PROVENCE-ALPES-COTE D'AZUR,ALPES-MARITIMES,60,29,CANNES,626,2770439,12642,2019,15
640,PROVENCE-ALPES-COTE D'AZUR,ALPES-MARITIMES,60,29,CANNES,658,2901833,12827,2020,15
641,PROVENCE-ALPES-COTE D'AZUR,ALPES-MARITIMES,60,29,CANNES,664,2827815,12414,2021,15
642,PROVENCE-ALPES-COTE D'AZUR,ALPES-MARITIMES,60,29,CANNES,707,3044836,12816,2022,15
643,PROVENCE-ALPES-COTE D'AZUR,VAUCLUSE,84,31,CARPENTRAS,53,2027157,7295,2021,15
644,PROVENCE-ALPES-COTE D'AZUR,VAUCLUSE,84,31,CARPENTRAS,59,1954067,6840,2022,15
645,PROVENCE-ALPES-COTE D'AZUR,VAR,83,50,DRAGUIGNAN,71,2181197,9623,2019,15
646,PROVENCE-ALPES-COTE D'AZUR,VAR,83,50,DRAGUIGNAN,70,2166569,9748,2020,15
647,PROVENCE-ALPES-COTE D'AZUR,VAR,83,50,DRAGUIGNAN,70,2053548,8133,2021,15
648,PROVENCE-ALPES-COTE D'AZUR,VAR,83,50,DRAGUIGNAN,68,2060808,8589,2022,15
649,PROVENCE-ALPES-COTE D'AZUR,VAR,83,61,FREJUS,142,2073239,8252,2019,15
650,PROVENCE-ALPES-COTE D'AZUR,VAR,83,61,FREJUS,144,2199691,8213,2020,15
651,PROVENCE-ALPES-COTE D'AZUR,VAR,83,61,FREJUS,138,1993351,7522,2021,15
652,PROVENCE-ALPES-COTE D'AZUR,VAR,83,61,FREJUS,149,2068631,8196,2022,15
653,PROVENCE-ALPES-COTE D'AZUR,HAUTES-ALPES,50,61,GAP,57,2235849,9388,2019,15
654,PROVENCE-ALPES-COTE D'AZUR,HAUTES-ALPES,50,61,GAP,57,2224957,8488,2020,15
655,PROVENCE-ALPES-COTE D'AZUR,HAUTES-ALPES,50,61,GAP,65,2268207,8156,2021,15
656,PROVENCE-ALPES-COTE D'AZUR,HAUTES-ALPES,50,61,GAP,71,2264449,8403,2022,15
657,PROVENCE-ALPES-COTE D'AZUR,ALPES-MARITIMES,60,69,GRASSE,124,2160182,9162,2019,15
658,PROVENCE-ALPES-COTE D'AZUR,ALPES-MARITIMES,60,69,GRASSE,126,2806244,18665,2020,15
659,PROVENCE-ALPES-COTE D'AZUR,ALPES-MARITIMES,60,69,GRASSE,125,2938801,10202,2021,15
660,PROVENCE-ALPES-COTE D'AZUR,ALPES-MARITIMES,60,69,GRASSE,123,2224910,9436,2022,15
661,PROVENCE-ALPES-COTE D'AZUR,VAR,83,69,HYERES,218,2080389,7623,2019,15
662,PROVENCE-ALPES-COTE D'AZUR,VAR,83,69,HYERES,235,2030627,7436,2020,15
663,PROVENCE-ALPES-COTE D'AZUR,VAR,83,69,HYERES,237,2117763,7902,2021,15
664,PROVENCE-ALPES-COTE D'AZUR,VAR,83,69,HYERES,252,2163800,8255,2022,15
665,PROVENCE-ALPES-COTE D'AZUR,BOUCHES-DU-RHONE,13,28,LA CIOTAT,96,2079346,8536,2019,15
666,PROVENCE-ALPES-COTE D'AZUR,BOUCHES-DU-RHONE,13,28,LA CIOTAT,100,2089652,8364,2020,15
667,PROVENCE-ALPES-COTE D'AZUR,BOUCHES-DU-RHONE,13,28,LA CIOTAT,109,2132562,8726,2021,15
668,PROVENCE-ALPES-COTE D'AZUR,BOUCHES-DU-RHONE,13,28,LA CIOTAT,122,2155687,9050,2022,15
669,PROVENCE-ALPES-COTE D'AZUR,VAR,83,126,LA SEYNE SUR MER,59,1924148,7498,2019,15
670,PROVENCE-ALPES-COTE D'AZUR,VAR,83,126,LA SEYNE SUR MER,54,1966644,8046,2020,15
671,PROVENCE-ALPES-COTE D'AZUR,VAR,83,126,LA SEYNE SUR MER,61,1858217,6738,2021,15
672,PROVENCE-ALPES-COTE D'AZUR,VAR,83,126,LA SEYNE SUR MER,64,1887283,6705,2022,15
673,PROVENCE-ALPES-COTE D'AZUR,ALPES-MARITIMES,60,30,LE CANNET,162,2317615,9959,2019,15
674,PROVENCE-ALPES-COTE D'AZUR,ALPES-MARITIMES,60,30,LE CANNET,158,2306599,9993,2020,15
675,PROVENCE-ALPES-COTE D'AZUR,ALPES-MARITIMES,60,30,LE CANNET,156,2485858,11856,2021,15
676,PROVENCE-ALPES-COTE D'AZUR,ALPES-MARITIMES,60,30,LE CANNET,158,2478350,11687,2022,15
677,PROVENCE-ALPES-COTE D'AZUR,ALPES-MARITIMES,60,79,MANDELIEU LA NAPOULE,127,2395674,12211,2019,15
678,PROVENCE-ALPES-COTE D'AZUR,ALPES-MARITIMES,60,79,MANDELIEU LA NAPOULE,116,2493737,13506,2020,15
679,PROVENCE-ALPES-COTE D'AZUR,ALPES-MARITIMES,60,79,MANDELIEU LA NAPOULE,119,2624613,15158,2021,15
680,PROVENCE-ALPES-COTE D'AZUR,ALPES-MARITIMES,60,79,MANDELIEU LA NAPOULE,135,2583542,14558,2022,15
681,PROVENCE-ALPES-COTE D'AZUR,ALPES-MARITIMES,60,83,MENTON,90,1832887,5801,2019,15
682,PROVENCE-ALPES-COTE D'AZUR,ALPES-MARITIMES,60,83,MENTON,86,1845684,6238,2020,15
683,PROVENCE-ALPES-COTE D'AZUR,ALPES-MARITIMES,60,83,MENTON,97,2028443,6979,2021,15
684,PROVENCE-ALPES-COTE D'AZUR,ALPES-MARITIMES,60,83,MENTON,93,2086052,8343,2022,15
685,PROVENCE-ALPES-COTE D'AZUR,ALPES-MARITIMES,69,900,MONACO,612,3574723,23934,2019,15
686,PROVENCE-ALPES-COTE D'AZUR,ALPES-MARITIMES,69,900,MONACO,647,3607926,24817,2020,15
687,PROVENCE-ALPES-COTE D'AZUR,ALPES-MARITIMES,69,900,MONACO,694,3821046,27026,2021,15
688,PROVENCE-ALPES-COTE D'AZUR,ALPES-MARITIMES,60,85,MOUGINS,269,2274836,10156,2022,15
689,PROVENCE-ALPES-COTE D'AZUR,ALPES-MARITIMES,61,123,SAINT LAURENT DU VAR,87,2188938,9157,2019,15
690,PROVENCE-ALPES-COTE D'AZUR,ALPES-MARITIMES,61,123,SAINT LAURENT DU VAR,82,2140158,8355,2020,15
691,PROVENCE-ALPES-COTE D'AZUR,ALPES-MARITIMES,61,123,SAINT LAURENT DU VAR,84,2259076,9356,2021,15
692,PROVENCE-ALPES-COTE D'AZUR,ALPES-MARITIMES,61,123,SAINT LAURENT DU VAR,87,2342226,10307,2022,15
693,PROVENCE-ALPES-COTE D'AZUR,VAR,83,118,SAINT-RAPHAEL,291,2152180,8804,2019,15
694,PROVENCE-ALPES-COTE D'AZUR,VAR,83,118,SAINT-RAPHAEL,302,2191693,9322,2020,15
695,PROVENCE-ALPES-COTE D'AZUR,VAR,83,118,SAINT-RAPHAEL,325,2178550,8901,2021,15
696,PROVENCE-ALPES-COTE D'AZUR,VAR,83,118,SAINT-RAPHAEL,362,2146528,8610,2022,15
697,PROVENCE-ALPES-COTE D'AZUR,BOUCHES-DU-RHONE,13,103,SALON DE PROVENCE,56,2016610,8472,2019,15
698,PROVENCE-ALPES-COTE D'AZUR,BOUCHES-DU-RHONE,13,103,SALON DE PROVENCE,57,2137781,8241,2020,15
699,PROVENCE-ALPES-COTE D'AZUR,BOUCHES-DU-RHONE,13,103,SALON DE PROVENCE,64,2217714,8902,2021,15
700,PROVENCE-ALPES-COTE D'AZUR,BOUCHES-DU-RHONE,13,103,SALON DE PROVENCE,68,2243553,9623,2022,15
701,PROVENCE-ALPES-COTE D'AZUR,VAR,83,129,SIX-FOURS-LES-PLAGES,108,2063007,7736,2019,15
702,PROVENCE-ALPES-COTE D'AZUR,VAR,83,129,SIX-FOURS-LES-PLAGES,107,2097259,8165,2020,15
703,PROVENCE-ALPES-COTE D'AZUR,VAR,83,129,SIX-FOURS-LES-PLAGES,120,2086954,7992,2021,15
704,PROVENCE-ALPES-COTE D'AZUR,VAR,83,129,SIX-FOURS-LES-PLAGES,137,2100343,8070,2022,15
705,PROVENCE-ALPES-COTE D'AZUR,VAR,83,137,TOULON,243,2131695,8951,2019,15
706,PROVENCE-ALPES-COTE D'AZUR,VAR,83,137,TOULON,241,2200455,9547,2020,15
707,PROVENCE-ALPES-COTE D'AZUR,VAR,83,137,TOULON,249,2165575,8717,2021,15
708,PROVENCE-ALPES-COTE D'AZUR,VAR,83,137,TOULON,257,2208321,8917,2022,15
709,PROVENCE-ALPES-COTE D'AZUR,ALPES-MARITIMES,61,155,VALLAURIS,168,2065740,7908,2019,15
710,PROVENCE-ALPES-COTE D'AZUR,ALPES-MARITIMES,61,155,VALLAURIS,164,2119382,8364,2020,15
711,PROVENCE-ALPES-COTE D'AZUR,ALPES-MARITIMES,61,155,VALLAURIS,157,2262527,8849,2021,15
712,PROVENCE-ALPES-COTE D'AZUR,ALPES-MARITIMES,61,155,VALLAURIS,161,2228119,9454,2022,15
